Region,PlotID,NearestForest,Nearest District,PlotNo,PlotName,Type,State,StateDistrict,Township,Mod_Town,Range,Mod_Range,Section,Latitude,Longitude,years,max
1,1,Nez_Perce_NF,Supervisors_Office,1-Mar,Keuterville,usfs,ID,NA,31,N,1,W,9,46.035417,-116.441361,37,3.8
1,2,Clearwater_NF,North_Fork,1-May,Johnson,usfs,ID,NA,37,N,3,E,9,46.430161,-115.916657,24,26.2
1,3,Clearwater_NF,North_Fork,6-May,Summit_Landing,usfs,ID,NA,38,N,5,E,35,NA,NA,36,14.6
1,4,Nez_Perce_NF,Supervisors_Office,2-Mar,Cottonwood_Butte,usfs,ID,NA,32,N,1,W,33,NA,NA,37,2.8
1,5,Clearwater_NF,North_Fork,7-May,Shin_Pt,usfs,ID,NA,39,N,7,E,16,NA,NA,34,13.2
1,6,Clearwater_NF,North_Fork,10-May,Cooper,usfs,ID,NA,36,N,3,E,12,NA,NA,28,7.2
1,7,ID_Dept._of_Lands,Craig_Mtn._Area,1-Apr,Lake_Waha,usfs,ID,NA,33,N,4,W,23,NA,NA,37,10.2
1,8,Clearwater_NF,North_Fork,9-May,Skull_Cr,usfs,ID,NA,41,N,9,E,30,NA,NA,16,20.2
1,9,Clearwater_NF,Lochsa,1-Jun,Canyon_Jct,usfs,ID,NA,34,N,7,E,5,NA,NA,35,13.2
1,10,ID_Dept._of_Lands,Craig_Mtn._Area,6-Apr,Forest,usfs,ID,NA,32,N,3,W,1,NA,NA,20,16.4
1,11,Clearwater_NF,North_Fork,8-May,Swanson_Cr,usfs,ID,NA,39,N,7,E,5,NA,NA,34,17.6
1,12,Clearwater_NF,Lochsa,2-Jun,Fan_Cr_Saddle,usfs,ID,NA,34,N,6,E,36,NA,NA,27,4.2
1,13,ID_Dept._of_Lands,Craig_Mtn._Area,5-Apr,Webb_Cr,usfs,ID,NA,33,N,3,W,36,NA,NA,27,1.4
1,14,Clearwater_NF,North_Fork,2-May,Angle_Butte,usfs,ID,NA,37,N,3,E,10,NA,NA,34,7.6
1,15,Nez_Perce_NF,Moose_Creek,1-Jan,Lodge_Pt,usfs,ID,NA,32,N,6,E,13,NA,NA,38,4.6
1,16,ID_Dept._of_Lands,Craig_Mtn._Area,2-Apr,Black_Pine,usfs,ID,NA,33,N,4,W,35,NA,NA,37,18.2
1,17,Clearwater_NF,North_Fork,5-May,Bald_Mtn,usfs,ID,NA,37,N,5,E,5,NA,NA,36,36
1,18,Clearwater_NF,Kooskia,5-Jan,Big_Tinker,usfs,ID,NA,32,N,5,E,25,NA,NA,38,4.6
1,19,ID_Dept._of_Lands,Craig_Mtn._Area,3-Apr,Junction,usfs,ID,NA,32,N,4,W,22,NA,NA,34,1.8
1,20,Clearwater_NF,North_Fork,4-May,Bargamin_Cr,usfs,ID,NA,37,N,4,E,23,NA,NA,36,35.6
1,21,Clearwater_NF,Kooskia,4-Jan,Potatoe_Hill,usfs,ID,NA,32,N,6,E,29,NA,NA,38,18.6
1,22,ID_Dept._of_Lands,Craig_Mtn._Area,4-Apr,Captain_John,usfs,ID,NA,32,N,4,W,21,NA,NA,24,3.6
1,23,Clearwater_NF,North_Fork,3-May,Grangemont,usfs,ID,NA,37,N,3,E,24,NA,NA,37,16.2
1,24,Nez_Perce_NF,Moose_Creek,3-Jan,Pine_Knob,usfs,ID,NA,32,N,6,E,26,NA,NA,38,41.8
1,25,Nez_Perce_NF,Salmon_River,2-Feb,Christie_Ck,usfs,ID,NA,26,N,1,E,6,NA,NA,38,14
1,26,Nez_Perce_NF,Salmon_River,5-Feb,S_Fk_Cow_Cr,usfs,ID,NA,25,N,1,E,8,NA,NA,38,4.6
1,27,Nez_Perce_NF,Salmon_River,3-Feb,Cow_Ck_Saddle,usfs,ID,NA,25,N,1,W,2,NA,NA,26,0.8
1,28,Nez_Perce_NF,Salmon_River,1-Feb,Rhett_Ck,usfs,ID,NA,27,N,1,E,33,NA,NA,27,0.4
1,29,Nez_Perce_NF,Salmon_River,4-Feb,Low_Saddle,usfs,ID,NA,25,N,1,W,10,NA,NA,16,9.8
1,30,Nez_Perce_NF,Moose_Creek,2-Jan,Goddard,usfs,ID,NA,31,N,6,E,10,NA,NA,8,0.4
1,31,Nez_Perce_NF,Salmon_River,NA,Wickiup_B,usfs,ID,NA,26,N,1,E,6,NA,NA,8,0.2
1,32,ID_Dept._of_Lands,Craig_Mtn._Area,NA,Craigmont,usfs,ID,NA,32,N,3,W,1,NA,NA,8,1.8
1,33,Clearwater_NF,Palouse,1-Jul,Laird_Park,usfs,ID,NA,42,N,3,S,36,NA,NA,7,52.2
1,34,Clearwater_NF,Palouse,2-Jul,Little_Bald_Mtn.,usfs,ID,NA,42,N,2,W,4,NA,NA,15,61.6
1,35,Clearwater_NF,Palouse,3-Jul,Little_Boulder_Cr.,usfs,ID,NA,40,N,1,W,28,NA,NA,16,40.4
1,36,Clearwater_NF,Palouse,4-Jul,W.Fork_Potlatch_R.,usfs,ID,NA,41,N,1,W,2,NA,NA,16,40.4
1,37,Clearwater_NF,Palouse,5-Jul,Elk_Creek_Falls,usfs,ID,NA,39,N,2,E,11,NA,NA,16,15.8
1,38,Clearwater_NF,Palouse,6-Jul,Morris_Creek,usfs,ID,NA,40,N,2,E,3,NA,NA,15,26.5
1,39,Nez_Perce_NF,Salmon_River,6-Feb,Springs Mtns,usfs,ID,Idaho,25,N,1,W,11,NA,NA,12,1.4
1,40,Cottonwood_BLM,Cottonwood_BLM,7-Apr,No_Name,blm,ID,NA,33,N,4,W,36,NA,NA,7,9.4
1,41,Clearwater_NF,Lochsa,3-Jun,Mud_Creek,usfs,ID,NA,33,N,6,E,2,NA,NA,10,1
1,42,Clearwater_NF,North_Fork,11-May,Cook_Creek,usfs,ID,NA,36,N,3,E,14,NA,NA,7,3.6
1,43,Clearwater_NF,North_Fork,12-May,Whiskey_Creek,usfs,ID,NA,36,N,3,E,17,NA,NA,7,3
1,44,Nez_Perce_NF,Salmon_River,7-Feb,Crooks_Corral,usfs,ID,NA,26,N,1,W,25,NA,NA,8,0.4
1,45,CDA_Indian_Reservation,CDA_Indian_Reservation,1-Aug,Rose_Creek,bia,ID,NA,46,N,5,W,9,NA,NA,6,2.333333333
1,46,CDA_Indian_Reservation,CDA_Indian_Reservation,2-Aug,Wise_Lane,bia,ID,NA,45,N,5,W,9,NA,NA,6,1.6
1,47,CDA_Indian_Reservation,CDA_Indian_Reservation,3-Aug,Old_Tensed_Road,bia,ID,NA,44,N,4,W,6,NA,NA,6,1.4
2,1,Pike_NF,South_Platte,1,Buffalo_Creek,usfs,CO,NA,8,S,71,W,22,NA,NA,5,0.6
2,6,Pike_NF,South_Platte,6,Molly_Gulch_CG,usfs,CO,NA,9,S,71,W,33,NA,NA,21,2
2,7,Pike_NF,South_Platte,7,Goose_Creek,usfs,CO,NA,10,S,71,W,29,NA,NA,5,0.2
2,8,Pike_NF,South_Platte,8,Wigwam,usfs,CO,NA,9,S,70,W,30,NA,NA,6,8.8
2,9,Pike_NF,South_Platte,9,Sixmile_Creek,usfs,CO,NA,9,S,70,W,6,NA,NA,5,0.6
2,10,Pike_NF,South_Platte,10,Road_550_Creek,usfs,CO,NA,8,S,71,W,24,NA,NA,5,0.2
2,11,Pike_NF,South_Platte,11,Spring Creek,usfs,CO,NA,8,S,70,W,17,NA,NA,5,0.4
2,12,Pike_NF,South_Platte,12,Spring Gulch,usfs,CO,NA,7,S,70,W,32,NA,NA,5,0.2
2,13,Pike_NF,South_Platte,13,Platte Canyon,usfs,CO,NA,8,S,70,W,1,NA,NA,5,6.4
2,14,Pike_NF,South_Platte,14,Raleigh Peak,usfs,CO,NA,7,S,70,W,34,NA,NA,5,0.6
2,15,Pike_NF,South_Platte,15,Night Hawk Hill,usfs,CO,NA,8,S,69,W,18,NA,NA,5,4.2
2,16,Pike_NF,South_Platte,16,Scraggy View PG,usfs,CO,NA,8,S,70,W,25,NA,NA,5,2.8
2,17,Pike_NF,South_Platte,17,Sugar Creek 17,usfs,CO,NA,8,S,70,W,36,NA,NA,5,5
2,18,Pike_NF,South_Platte,18,Sugar Creek 18,usfs,CO,NA,9,S,69,W,6,NA,NA,5,4
2,19,Pike_NF,South_Platte,19,West Creek,usfs,CO,NA,10,S,70,W,13,NA,NA,6,6.8
2,21,Pike_NF,South_Platte,21,Fourmile Creek,usfs,CO,NA,10,S,70,W,16,NA,NA,5,0.4
2,22,Pike_NF,South_Platte,22,Big Turkey CG,usfs,CO,NA,11,S,70,W,4,NA,NA,19,0.6
2,23,Pike_NF,South_Platte,23,Indian Creek CG,usfs,CO,NA,8,S,69,W,10,NA,NA,26,32.2
2,29,Pike_NF,South_Platte,29,Illinois Gulch,usfs,CO,NA,10,S,69,W,27,NA,NA,5,0.2
2,32,Pike_NF,South_Platte,32,Rainbow Falls,usfs,CO,NA,10,S,69,W,29,NA,NA,5,0.8
2,34,Pike_NF,South_Platte,34,Horse Creek,usfs,CO,NA,9,S,70,W,35,NA,NA,6,2.4
2,35,Pike_NF,South_Platte,35,Sheep Nose,usfs,CO,NA,10,S,70,W,34,NA,NA,5,0.6
2,36,Pike_NF,South_Platte,36,Turkey Creek,usfs,CO,NA,10,S,70,W,31,NA,NA,5,2.8
2,37,Pike_NF,South_Platte,37,Northrup Gulch,usfs,CO,NA,11,S,71,W,1,NA,NA,5,0.2
2,40,Pike_NF,South_Platte,40,Top-of-the-World,usfs,CO,NA,8,S,70,W,4,NA,NA,6,0.4
2,41,Pike_NF,South_Platte,41,Redskin Mtn,usfs,CO,NA,8,S,71,W,7,NA,NA,5,0.4
2,42,Pike_NF,South_Platte,42,Dell Gulch,usfs,CO,NA,8,S,70,W,28,NA,NA,5,1.8
2,43,Pike_NF,South_Platte,43,South Garber Creek,usfs,CO,NA,8,S,69,W,25,NA,NA,5,0.8
2,49,Pike_NF,South_Platte,49,Saloon Gulch,usfs,CO,NA,9,S,70,W,4,NA,NA,5,4
2,50,Pike_NF,South_Platte,50,Brush Creek,usfs,CO,NA,9,S,70,W,5,NA,NA,24,1.4
2,51,Pike_NF,South_Platte,51,Eagle Rock,usfs,CO,NA,8,S,69,W,6,NA,NA,4,7.4
2,52,Pike_NF,South_Platte,52,Pine Creek,usfs,CO,NA,8,S,69,W,18,NA,NA,4,7.8
2,53,Pike_NF,South_Platte,53,Willow Bend PA,usfs,CO,NA,8,S,70,W,24,NA,NA,4,3.6
2,54,Pike_NF,South_Platte,54,Sugar Creek-54,usfs,CO,NA,9,S,70,W,1,NA,NA,4,6.2
2,55,Pike_NF,South_Platte,55,Sugar Creek-55,usfs,CO,NA,9,S,69,W,6,NA,NA,4,3
2,56,Pike_NF,South_Platte,56,Chair Rocks,usfs,CO,NA,7,S,70,W,33,NA,NA,4,0.4
2,57,Pike_NF,South_Platte,57,Sand Draw,usfs,CO,NA,8,S,70,W,9,NA,NA,4,0.4
2,58,Pike_NF,South_Platte,58,Sixmile Creek-South,usfs,CO,NA,9,S,70,W,19,NA,NA,4,0.2
2,59,Pike_NF,South_Platte,59,Shinglemill Creek,usfs,CO,NA,8,S,70,W,19,NA,NA,4,0.2
3,5,Sierra_Anchas,Pleasant Valley RD,NA,Aztec,usfs,AZ,NA,6,N,14,E,33,NA,NA,2,2.8
3,11,White_Mountain,NA,NA,Nurtioso,usfs,AZ,NA,7,N,29,E,33,NA,NA,4,0.2
3,14,Catalina_Mtns,Santa Catalina RD,NA,Lemon_Rock,usfs,AZ,NA,NA,NA,NA,NA,NA,NA,NA,5,0.6
3,111,Sacramento_Mtns (Lincoln NF),Sacramento RD,NA,Tularosa Canyon (MAIR),usfs,NM,NA,NA,NA,NA,NA,NA,NA,NA,9,6.4
3,112,Sacramento_Mtns (Lincoln NF),Sacramento RD,NA,On 244 10.8 mi to Elk Springs & rt dirt rd (MAIR),usfs,NM,NA,NA,NA,NA,NA,NA,NA,NA,4,1.2
3,115,Sacramento_Mtns (Lincoln NF),Sacramento RD,NA,Mescalero,usfs,NM,NA,NA,NA,NA,NA,NA,NA,NA,4,0.67
4,1,Boise_NF,Mountain_Home,1,Bear_Creek,usfs,ID,1021,4,N,10,E,7,NA,NA,20,32.8
4,2,Boise_NF,Mountain_Home,2,Yellow_Pine_Creek,usfs,ID,1145,3,N,10,E,35,NA,NA,3,10.6
4,3,Boise_NF,Cascade,3,Anderson_Cr_Divide,usfs,ID,1121,14,N,2,E,14,NA,NA,3,11
4,4,Boise_NF,Cascade,4,Skunk_Creek,usfs,ID,1024,12,N,4,E,11,NA,NA,26,29
4,5,Payette_NF,Council,5,Barinaga_Corral,usfs,ID,1121,5,S,2,W,23,NA,NA,19,44.2
4,6,Payette_NF,Council,6,Fourbit_Creek,usfs,ID,1121,13,N,2,E,7,NA,NA,8,42.8
4,7,Payette_NF,Council,7,Little_Weiser,usfs,ID,1121,13,N,1,E,1,NA,NA,3,25.6
4,8,Payette_NF,Council,8,Mcdowell_Trail,usfs,ID,1121,17,N,2,W,18,NA,NA,19,35.8
4,9,Payette_NF,Council,9,Olive_Creek,usfs,ID,1121,17,N,2,W,6,NA,NA,21,46.8
4,10,Payette_NF,Weiser,10,Adams_Creek,usfs,ID,1122,14,N,6,W,23,NA,NA,23,78.6
4,11,Payette_NF,Weiser,11,Bear_Saddle,usfs,ID,1122,15,N,5,W,31,NA,NA,22,84.8
4,12,Payette_NF,Weiser,12,E_Fk_Brownlee_Cr,usfs,ID,1122,16,N,4,W,3,NA,NA,21,61.2
4,13,Payette_NF,Weiser,13,Seid_Creek,usfs,ID,1122,16,N,4,W,21,NA,NA,19,51.6
4,14,Payette_NF,Weiser,14,Stacey_Creek,usfs,ID,1122,14,N,6,W,24,NA,NA,20,63.2
4,15,Payette_NF,McCall,15,Brown'S_Pond,usfs,ID,1124,18,N,4,E,3,NA,NA,4,11
4,16,Salmon_NF,Cobalt,16,Arnett_Creek,usfs,ID,1131,22,N,22,E,30,NA,NA,3,0.6
4,18,Salmon_NF,Cobalt,18,Porphyry_Creek,usfs,ID,1131,20,N,18,E,34,NA,NA,5,4.75
4,19,Salmon_NF,North_Fork,19,Colson_Creek,usfs,ID,1132,23,N,16,E,12,NA,NA,8,39
4,20,Salmon_NF,North_Fork,20,Lick_Creek,usfs,ID,1132,26,N,22,E,32,NA,NA,10,38.4
4,21,Sawtooth_NF,Ketchum,21,Warm_Springs,usfs,ID,1143,4,N,17,E,14,NA,NA,3,14.8
4,23,Owyhees,BLM,23,East_Fork_Lost_Cr,usfs,ID,1123,6,S,1,W,21,NA,NA,3,0.2
4,24,Sawtooth_NF,Fairfield,24,Little_Water_Gulch,usfs,ID,1145,3,N,12,E,7,NA,NA,22,102
4,25,Sawtooth_NF,Fairfield,25,Virginia_Gulch,usfs,ID,1145,3,N,11,E,9,NA,NA,22,62
4,26,Owyhees,BLM,26,Dewey_Peak,usfs,ID,2020,6,S,4,W,3,NA,NA,15,121.8
4,31,Owyhees,BLM,31,Boone_Peak,usfs,ID,2020,6,S,3,W,2,NA,NA,1,23
4,32,Boise_NF,Mountain_Home,32,Deer_Point,usfs,ID,1021,5,N,3,E,29,NA,NA,11,65.6
4,33,Payette_NF,Weiser,33,Hitt_Creek,usfs,ID,1122,14,N,5,W,27,NA,NA,12,40
4,34,Payette_NF,Weiser,34,Mann_Creek,usfs,ID,1122,14,N,5,W,4,NA,NA,13,42.8
4,35,Payette_NF,Weiser,35,South_Pine,usfs,ID,1122,15,N,5,W,25,NA,NA,10,25.2
4,36,Payette_NF,Council,36,Mill_Creek_Road,usfs,ID,1122,15,N,4,W,6,NA,NA,12,51.8
4,37,Payette_NF,Council,37,Tool_Cache,usfs,ID,1122,15,N,5,W,15,NA,NA,12,51.4
4,38,Payette_NF,Council,38,Middle_Brownlee,usfs,ID,1122,15,N,5,W,3,NA,NA,10,29.8
4,39,Payette_NF,Council,39,Cottonwood_Spring,usfs,ID,1122,15,N,5,W,8,NA,NA,12,60.2
4,40,Payette_NF,Council,40,Rapid_Creek,usfs,ID,1124,17,N,4,E,26,NA,NA,12,10.8
4,41,Payette_NF,McCall,41,Powelson_Creek,usfs,ID,1124,17,N,5,E,20,NA,NA,11,0.2
4,42,Payette_NF,McCall,42,Sloan_Point,usfs,ID,1124,16,N,4,E,1,NA,NA,12,12
4,43,Payette_NF,McCall,43,Browns_Creek,usfs,ID,1123,20,N,2,E,18,NA,NA,12,25.75
4,44,Payette_NF,McCall,44,Sixmile_Creek,usfs,ID,1123,20,N,2,E,28,NA,NA,12,16.6
4,45,Payette_NF,McCall,45,Last_Chance,usfs,ID,1123,19,N,2,E,15,NA,NA,12,12
4,47,Payette_NF,McCall,47,Bear_Basin,usfs,ID,1124,19,N,3,E,30,NA,NA,13,1.8
4,48,Payette_NF,New_Meadows,48,Yantis_Ditch,usfs,ID,1123,5,S,1,W,10,NA,NA,12,9.2
4,50,Payette_NF,New_Meadows,50,Ant_Basin_Creek,usfs,ID,1123,5,S,1,W,34,NA,NA,13,11.6
4,51,Payette_NF,New_Meadows,51,Mud_Creek,usfs,ID,1123,5,S,1,W,13,NA,NA,12,4
4,52,Payette_NF,New_Meadows,52,Round_Valley_Cr,usfs,ID,1123,20,N,1,E,6,NA,NA,12,10.75
4,53,Payette_NF,New_Meadows,53,East_Fork_Lost_Cr,usfs,ID,1123,6,S,1,W,21,NA,NA,9,18.6
4,54,Payette_NF,New_Meadows,54,Pine_Ridge_Road,usfs,ID,6160,7,S,1,W,35,NA,NA,12,25
4,55,Payette_NF,New_Meadows,55,Sheep_Creek,usfs,ID,1123,7,S,1,W,17,NA,NA,12,25
4,56,Payette_NF,New_Meadows,56,Lost_Creek,usfs,ID,1123,8,S,1,W,14,NA,NA,12,12.8
4,57,Payette_NF,New_Meadows,57,Fourth_Of_July_Cr,usfs,ID,1123,7,S,2,W,12,NA,NA,12,12
4,58,Payette_NF,Council,58,Bluebunch,usfs,ID,1121,17,N,1,E,1,NA,NA,12,6
4,59,Payette_NF,Council,59,Squaw_Flat,usfs,ID,1121,17,N,2,E,32,NA,NA,12,4.4
4,60,Payette_NF,Council,60,E_Fork_Weiser_River,usfs,ID,1121,17,N,1,E,21,NA,NA,12,17
4,61,Payette_NF,Council,61,Dry_Beaver_Creek,usfs,ID,1121,17,N,1,E,10,NA,NA,12,18.6
4,62,Payette_NF,Council,62,Joker_Creek,usfs,ID,1121,17,N,2,E,13,NA,NA,11,0.4
4,63,Payette_NF,Council,63,Cabin_Creek,usfs,ID,1121,15,N,1,E,12,NA,NA,12,52.6
4,64,Payette_NF,Council,64,Johnson_Park,usfs,ID,1121,9,S,2,W,32,NA,NA,10,19.8
4,65,Payette_NF,Council,65,Goodrich_Creek,usfs,ID,1121,16,N,2,W,7,NA,NA,12,0.8
4,66,Payette_NF,Council,66,Orchid_Canyon,usfs,ID,1121,16,N,2,W,4,NA,NA,12,37.8
4,67,Boise_NF,Mountain_Home,67,Bogus_X-Ski,usfs,ID,1021,5,N,3,E,16,NA,NA,10,24
4,68,Boise_NF,Mountain_Home,68,Shafer_Butte,usfs,ID,1021,5,N,3,E,10,NA,NA,9,14.6
4,69,Boise_NF,Emmett,69,Squaw_Creek,usfs,ID,1026,13,N,2,E,9,NA,NA,12,18.2
4,70,Boise_NF,Emmett,70,Tamarack_Flat,usfs,ID,1026,12,N,2,E,8,NA,NA,16,60.8
4,71,Boise_NF,Emmett,71,Antelope_Trail,usfs,ID,1026,12,N,2,E,10,NA,NA,15,65.2
4,72,Boise_NF,Emmett,72,Little_Sagehen_Basin,usfs,ID,1026,11,N,2,E,1,NA,NA,16,31
4,73,Boise_NF,Emmett,73,Cottonwood_Creek,usfs,ID,1026,12,N,2,E,33,NA,NA,16,42.8
4,74,Boise_NF,Emmett,74,Middle_Fk_Payette_Rv,usfs,ID,1026,11,N,5,E,4,NA,NA,12,4.8
4,75,Boise_NF,Emmett,75,Silver_Creek_Cg,usfs,ID,1026,12,N,6,E,19,NA,NA,12,3.2
4,76,Boise_NF,Emmett,76,Hardscrabble,usfs,ID,1026,11,N,5,E,31,NA,NA,10,1.8
4,77,Boise_NF,Emmett,77,W_Fork_Sixmile_Cr,usfs,ID,1026,11,N,4,E,22,NA,NA,11,3.2
4,80,Boise_NF,Mountain_Home,80,Grouse_Creek,usfs,ID,1145,3,N,10,E,36,NA,NA,12,67.6
4,81,Boise_NF,Mountain_Home,81,Middle_Fk_Grouse_Cr,usfs,ID,1145,3,N,11,E,31,NA,NA,12,75.8
4,83,Boise_NF,Mountain_Home,83,Roaring_River,usfs,ID,1021,5,N,8,E,26,NA,NA,12,95.2
4,84,Boise_NF,Mountain_Home,84,Trinity_Lakes_Road,usfs,ID,1021,4,N,9,E,29,NA,NA,9,41.4
4,85,Boise_NF,Mountain_Home,85,Cow_Creek,usfs,ID,1021,3,N,10,E,4,NA,NA,15,87.4
4,86,Boise_NF,Mountain_Home,86,Wide_West_Gulch,usfs,ID,1021,4,N,10,E,20,NA,NA,12,92
4,87,Boise_NF,Mountain_Home,87,West_Parks_Creek,usfs,ID,1021,3,N,9,E,2,NA,NA,11,80.6
4,88,Boise_NF,Mountain_Home,88,Fairview_Creek,usfs,ID,1021,3,N,10,E,17,NA,NA,11,49.4
4,89,Boise_NF,Idaho_City,89,Upper_Rock_Creek,usfs,ID,1023,8,N,6,E,36,NA,NA,10,6.6
4,90,Boise_NF,Idaho_City,90,Beaver_Cr_Summit,usfs,ID,1025,8,N,7,E,15,NA,NA,12,23.4
4,91,Boise_NF,Idaho_City,91,Banner_Ridge,usfs,ID,1023,8,N,7,E,14,NA,NA,12,39.2
4,92,Boise_NF,Idaho_City,92,Banner_Creek,usfs,ID,1023,8,N,8,E,29,NA,NA,12,8
4,93,Boise_NF,Idaho_City,93,Crooked_River,usfs,ID,1023,8,N,8,E,34,NA,NA,12,25.8
4,94,Boise_NF,Idaho_City,94,Willow_Creek,usfs,ID,1023,7,N,8,E,14,NA,NA,12,52.4
4,95,Boise_NF,Lowman,95,Rough_Creek,usfs,ID,1025,11,N,9,E,31,NA,NA,12,0.2
4,96,Boise_NF,Lowman,96,Horse_Creek,usfs,ID,1025,10,N,8,E,16,NA,NA,12,36.4
4,97,Boise_NF,Lowman,97,O'Keefe_Creek,usfs,ID,1025,10,N,7,E,25,NA,NA,12,18
4,98,Boise_NF,Lowman,98,Park_Creek_Cg,usfs,ID,1025,9,N,7,E,13,NA,NA,12,2.4
4,99,Boise_NF,Lowman,99,Whitehawk,usfs,ID,1025,11,N,8,E,20,NA,NA,12,0.4
4,100,Boise_NF,Lowman,100,Wilson_Creek,usfs,ID,1025,12,N,7,E,34,NA,NA,12,1.4
4,101,Boise_NF,Lowman,101,Threemile_Creek,usfs,ID,1025,11,N,7,E,19,NA,NA,12,0.6
4,102,Boise_NF,Lowman,102,Scott_Creek,usfs,ID,1025,10,N,6,E,15,NA,NA,12,1.8
4,103,Boise_NF,Lowman,103,Slaughterhouse_Cr,usfs,ID,1025,9,N,7,E,20,NA,NA,12,61.6
4,104,Boise_NF,Cascade,104,Warm_Lake_Creek,usfs,ID,1024,15,N,7,E,9,NA,NA,12,0.2
4,105,Boise_NF,Cascade,105,Tule_Lake,usfs,ID,1024,15,N,6,E,12,NA,NA,12,0.6
4,106,Boise_NF,Cascade,106,Rice_Creek,usfs,ID,1024,14,N,7,E,18,NA,NA,12,0.6
4,107,Boise_NF,Cascade,107,Lodgepole_Creek,usfs,ID,1024,14,N,7,E,5,NA,NA,12,1.4
4,402,Wasatch-Cache_NF,Logan,NA,Stump_Hollow,usfs,UT,NA,NA,NA,NA,NA,NA,NA,NA,9,0.2
4,403,Wasatch-Cache_NF,Ogden,NA,Arbs_Basin,usfs,UT,NA,NA,NA,NA,NA,NA,NA,NA,10,0.2
4,406,Wasatch-Cache_NF,Ogden,NA,Cox_Spring,usfs,UT,NA,NA,NA,NA,NA,NA,NA,NA,10,1.6
4,407,Humboldt-Toiyabe_NF,Mountain_City,NA,Fawn_Creek,usfs,NV,NA,NA,NA,NA,NA,NA,NA,NA,6,9.8
4,408,Humboldt-Toiyabe_NF,Mountain_City,NA,Merrit_Mountain,usfs,NV,NA,NA,NA,NA,NA,NA,NA,NA,8,37.4
4,411,Humboldt-Toiyabe_NF,Ely,NA,Berry_Creek,usfs,NV,NA,NA,NA,NA,NA,NA,NA,NA,10,1
4,412,Great_Basin_NP,NA,NA,Upper_Lehman,usfs,NV,NA,NA,NA,NA,NA,NA,NA,NA,11,0.2
4,923,Sawtooth_NF,Burley,923,Howell_Canyon,usfs,ID,1141,12,S,25,E,31,NA,NA,4,0.333333333
5,1,Modoc_NF,Devil's_Garden,1,Goose_Lake,state,CA,NA,48,N,12,E,26,41.964121,-120.421626,26,55.6
5,2,Modoc_NF,Devil's_Garden,01B,Collins GL,state,CA,NA,48,N,12,E,33,41.964121,-120.421626,25,65.6
5,3,Modoc_NF,Big_Valley,2,Ashley,state,CA,NA,40,N,10,E,23,41.562471,-120.426468,36,32.2
5,4,Modoc_NF,Big_Valley,02B,Sportsman,state,CA,NA,39,N,11,E,5,41.562471,-120.898168,28,53.2
5,5,Lassen_NF,Eagle_Lake,3,Fredonyer_Pass,state,CA,NA,29,N,10,E,29,40.360266,-120.867542,36,46.2
5,6,Lassen_NF,Almanor,03B,Stover_Mtn.(Rbrg),state,CA,NA,28,N,6,E,15,40.28235,-121.305801,28,45.8
5,7,Lassen_NF,Hat_Creek,4,Latour_St_For_1,state,CA,NA,32,N,3,E,17,40.639323,-121.703982,35,22.4
5,8,Lassen_NF,Hat_Creek,04B,Latour_St_For_2,state,CA,NA,32,N,2,E,22,40.639323,-121.703982,24,33
5,9,Lassen_NF,Hat_Creek,12,Burney_Mtn.,state,CA,NA,34,N,2,E,13,40.807,-121.627764,28,59.6
5,10,Eldorado_NF,Georgetown,5,Nevada_Pt_Rdg_1,state,CA,NA,13,N,13,E,1,38.967169,-120.551078,10,33.2
5,11,Eldorado_NF,Georgetown,15,Nevada_Pt_Rdg_2,state,CA,NA,13,N,13,E,14,38.967169,-120.551078,3,42.4
5,12,Eldorado_NF,Georgetown,13,Uncle_Tom's_Cabin,state,CA,NA,12,N,13,E,3,38.929297,-120.484965,7,36.2
5,13,Eldorado_NF,Placerville,14,Iron_Mtn._Cdf_8Ut,state,CA,NA,10,N,14,E,24,38.717919,-120.389576,8,25.2
5,14,Stanislaus_NF,Calaveras,09A,Bailey_Ridge_Stn,state,CA,NA,6,N,15,E,3,38.410644,-120.168889,18,36.8
5,15,Stanislaus_NF,Calaveras,09B,Hermit_Springs,state,CA,NA,7,N,16,E,28,38.538644,-119.897861,19,14.6
5,16,Stanislaus_NF,Calaveras,9,Dorrington,state,CA,NA,15,N,15,E,1,NA,NA,27,53
5,17,Sequoia_NF,Tule_River,7,Rock_Crusher,state,CA,NA,19,S,31,E,31,NA,NA,23,25.2
5,18,Sequoia_NF,Tule_River,10,Hidden_Falls,state,CA,NA,19,S,31,E,19,NA,NA,23,37
5,19,Plumas_NF,Feather River,20,Poverty-Whitely,state,CA,NA,20,N,9,E,8,NA,NA,19,62.4
5,20,Plumas_NF,Feather River,21,Laporte_Bald_Mtn._Whitely,state,CA,NA,21,N,9,E,9,NA,NA,19,47.6
5,21,Plumas_NF,Feather River,22,Lexington-Whitely,state,CA,NA,21,N,8,E,13,NA,NA,18,49.6
5,22,Sequoia_NF,Greenhorn,NA,Greenhorn_Mtn_Pk,state,CA,NA,25,S,32,E,20,NA,NA,8,41.6
5,23,Sequoia_NF,Hot_Springs,NA,Sugarloaf_Sfp,state,CA,NA,24,S,31,E,14,NA,NA,8,35.75
5,24,Sequoia_NF,Tule_River,NA,Smith_Mill,state,CA,NA,21,S,31,E,20,NA,NA,8,14.8
5,25,Shasta-Trinity,Shasta McCloud,NA,Red Tank Road,state,CA,NA,NA,NA,NA,NA,NA,NA,NA,9,10.2
5,101,Eldorado_NF,Georgetown,1,Bear_Springs,usfs,CA,NA,14,N,13,E,36,NA,NA,2,0.2
5,102,Eldorado_NF,Georgetown,2,Hell_Hole,usfs,CA,NA,14,N,13,E,36,NA,NA,3,0.4
5,103,Eldorado_NF,Georgetown,1,Nevada_Pt._Ridge,usfs,CA,NA,14,N,14,E,36,NA,NA,25,27.8
5,104,Eldorado_NF,Georgetown,2,Hales_1,usfs,CA,NA,14,N,14,E,36,NA,NA,26,51.6
5,105,Eldorado_NF,Georgetown,3,Hales_2,usfs,CA,NA,14,N,13,E,1,NA,NA,26,49
5,106,Eldorado_NF,Georgetown,4,Jerry'S_Pool,usfs,CA,NA,13,N,13,E,14,NA,NA,25,40.6
5,107,Eldorado_NF,Georgetown,5,Jerry'S_Pool_2,usfs,CA,NA,13,N,13,E,14,NA,NA,20,62.6
5,108,Eldorado_NF,Pacific_(10_tr/,1,Peavine,usfs,CA,NA,11,N,13,E,11,NA,NA,18,80.6
5,109,Eldorado_NF,Pacific,2,Jaybird,usfs,CA,NA,11,N,13,E,3,NA,NA,18,87.6
5,110,Eldorado_NF,Pacific,3,Frisco_Ford_1,usfs,CA,NA,12,N,15,E,33,NA,NA,18,6.8
5,111,Eldorado_NF,Pacific,NA,Frisco_Ford_2,usfs,CA,NA,12,N,15,E,33,NA,NA,4,23.2
5,112,Eldorado_NF,Pacific,5,Rice_Cabin,usfs,CA,NA,11,N,13,E,7,NA,NA,4,2.8
5,113,Eldorado_NF,Pacific,4,Rice_Cabin,usfs,CA,NA,11,N,13,E,18,NA,NA,10,8.2
5,114,Eldorado_NF,Pacific,5,Deer_Knob,usfs,CA,NA,12,N,14,E,17,NA,NA,10,23.2
5,115,Eldorado_NF,Placerville,1,Pebble_Cyn_1-10,usfs,CA,NA,10,N,14,E,21,NA,NA,26,27
5,116,Eldorado_NF,Placerville,2,Stump_Spr_31-40,usfs,CA,NA,10,N,14,E,22,NA,NA,26,53.8
5,117,Eldorado_NF,Placerville,3,Forty_Niner_Tree_61-70,usfs,CA,NA,10,N,14,E,24,NA,NA,26,77
5,118,Eldorado_NF,Placerville,4,Lower_Baltic,usfs,CA,NA,10,N,15,E,33,NA,NA,25,88.6
5,119,Eldorado_NF,Placerville,5,Plummer_81-90,usfs,CA,NA,9,N,14,E,11,NA,NA,24,68.6
5,120,Eldorado_NF,Placerville,1,Iron_Mtn._11-20,usfs,CA,NA,10,N,14,E,21,NA,NA,5,63.2
5,121,Eldorado_NF,Placerville_FPM,2,21-30,usfs,CA,NA,10,N,14,E,21,NA,NA,20,55.6
5,122,Eldorado_NF,Placerville_FPM,4,Iron_Mtn._1Ut_41-50,usfs,CA,NA,10,N,14,E,22,NA,NA,18,61.2
5,123,Eldorado_NF,Placerville_FPM,5,Iron_Mtn._2T_51-60,usfs,CA,NA,10,N,14,E,22,NA,NA,18,58
5,124,Eldorado_NF,Placerville_FPM,6,Iron_Mtn._71-80,usfs,CA,NA,11,N,15,E,23,NA,NA,5,29.6
5,125,Eldorado_NF,Placerville_FPM,1,Baltic_B_Lower_161-170,usfs,CA,NA,10,N,15,E,31,NA,NA,13,67.2
5,126,Eldorado_NF,Placerville_FPM,2,Baltic_C_Mid_5T_171-180,usfs,CA,NA,10,N,15,E,32,NA,NA,13,63.8
5,127,Eldorado_NF,Placerville_FPM,3,Baltic_221-230,usfs,CA,NA,9,N,14,E,2,NA,NA,4,15.8
5,128,Eldorado_NF,Placerville_FPM,4,Baltic_181-190,usfs,CA,NA,9,N,14,E,1,NA,NA,4,30
5,129,Eldorado_NF,Placerville_FPM,5,Baltic_191-200,usfs,CA,NA,9,N,14,E,1,NA,NA,4,11
5,130,Eldorado_NF,Placerville_FPM,6,Baltic_D_Upper_4T_201-210,usfs,CA,NA,9,N,15,E,3,NA,NA,12,43
5,131,Eldorado_NF,Placerville_FPM,7,Baltic_231-240,usfs,CA,NA,9,N,15,E,6,NA,NA,4,18.25
5,132,Eldorado_NF,Placerville_FPM,8,Baltic_3Ut_311-220,usfs,CA,NA,9,N,15,E,3,NA,NA,10,29.8
5,133,Eldorado_NF,Placerville_FPM,2,Plummer_E_91-100,usfs,CA,NA,9,N,14,E,10,NA,NA,20,62.8
5,134,Eldorado_NF,Placerville_FPM,3,Plummer_101-110,usfs,CA,NA,9,N,14,E,11,NA,NA,5,68.8
5,135,Eldorado_NF,Placerville_FPM,4,Dogtown_Intersection/Plummer_F_6T_111-120,usfs,CA,NA,9,N,14,E,14,NA,NA,22,55.6
5,136,Eldorado_NF,Placerville_FPM,5,Plummer_121-130,usfs,CA,NA,9,N,14,E,13,NA,NA,5,72
5,137,Eldorado_NF,Placerville_FPM,6,Upper_Dogtown/Leek_Spr._Rd._7Ut_131-140,usfs,CA,NA,9,N,14,E,13,NA,NA,20,76.8
5,138,Eldorado_NF,Placerville_FPM,7,Plummer_141-150,usfs,CA,NA,9,N,14,E,13,NA,NA,5,57.2
5,139,Eldorado_NF,Placerville_FPM,8,East_Dogtown/Leek_Spr._Rd._G_151-160,usfs,CA,NA,9,N,14,E,13,NA,NA,22,71.8
5,140,Eldorado_NF,Amador,1,Lumberyard_1,usfs,CA,NA,8,N,15,E,15,NA,NA,25,60.8
5,141,Eldorado_NF,Amador,2,Lumberyard_2,usfs,CA,NA,8,N,15,E,16,NA,NA,25,52.2
5,142,Eldorado_NF,Amador,3,Mud_Springs,usfs,CA,NA,8,N,15,E,17,NA,NA,23,74.4
5,143,Eldorado_NF,Amador,4,Mud-Hams,usfs,CA,NA,8,N,15,E,18,NA,NA,22,80.6
5,144,Eldorado_NF,Amador,5,Armstrong_L.O.,usfs,CA,NA,8,N,14,E,13,NA,NA,2,41.4
5,145,Eldorado_NF,Amador_FPM,8,Armstrong_L.O.,usfs,CA,NA,8,N,14,E,13,NA,NA,4,44.8
5,146,Eldorado_NF,Amador_FPM,9,Cat_Creek_I_Upper,usfs,CA,NA,8,N,14,E,18,NA,NA,4,20.6
5,147,Eldorado_NF,Amador_FPM,10,Cat_Creek_J_Lower,usfs,CA,NA,8,N,15,E,4,NA,NA,4,34
5,201,Inyo_NF,Mammoth,1,Outbreak,usfs,CA,NA,3,S,27,E,13,NA,NA,20,26.4
5,202,Inyo_NF,Mammoth,2,Scenic,usfs,CA,NA,3,S,27,E,11,NA,NA,20,13.8
5,203,Inyo_NF,Mammoth,3,Plantation,usfs,CA,NA,3,S,27,E,13,NA,NA,20,16.2
5,204,Inyo_NF,Mammoth,4,Unit_5,usfs,CA,NA,3,S,27,E,26,NA,NA,20,6.8
5,301,Lassen_NF,Eagle_Lake,1,Diamond,usfs,CA,NA,28,N,11,E,5,NA,NA,36,51.8
5,302,Lassen_NF,Eagle_Lake,2,Cheney,usfs,CA,NA,28,N,11,E,5,NA,NA,36,40.8
5,303,Lassen_NF,Eagle_Lake,3,Stephens,usfs,CA,NA,28,N,11,E,7,NA,NA,37,68.8
5,304,Lassen_NF,Eagle_Lake,4,Hamilton,usfs,CA,NA,28,N,10,E,2,NA,NA,36,54.8
5,305,Lassen_NF,Eagle_Lake,5,Crazy_Harry,usfs,CA,NA,29,N,10,E,16,NA,NA,38,63.2
5,306,Lassen_NF,Almanor,1,Christi,usfs,CA,NA,29,N,4,E,16,NA,NA,27,45.8
5,307,Lassen_NF,Almanor,2,Morgan,usfs,CA,NA,29,N,4,E,21,NA,NA,27,82.8
5,308,Lassen_NF,Almanor,3,Butt_Mtn.,usfs,CA,NA,28,N,5,E,28,NA,NA,25,57.6
5,309,Lassen_NF,Almanor,4,Elam,usfs,CA,NA,27,N,5,E,4,NA,NA,25,47.8
5,310,Lassen_NF,Almanor,5,Stover,usfs,CA,NA,28,N,6,E,9,NA,NA,25,58.6
5,311,Lassen_NF,Hat_Creek,1,Badger,usfs,CA,NA,31,N,5,E,3,NA,NA,25,4
5,312,Lassen_NF,Hat_Creek,2,Table,usfs,CA,NA,31,N,4,E,7,NA,NA,27,9
5,313,Lassen_NF,Hat_Creek,3,Onion,usfs,CA,NA,31,N,3,E,35,NA,NA,27,28.8
5,314,Lassen_NF,Hat_Creek,4,Chester_(Chutes),usfs,CA,NA,32,N,3,E,34,NA,NA,27,5.2
5,315,Lassen_NF,Hat_Creek,5,Horse,usfs,CA,NA,34,N,3,E,34,NA,NA,27,66
5,316,Lassen_NF,Eagle_Lake,6,Moonlight,usfs,CA,NA,28,N,10,E,34,NA,NA,1,12
5,317,Lassen_NF,Almanor,6,Robber's_Roost,usfs,CA,NA,NA,NA,NA,NA,NA,NA,NA,5,22.4
5,318,Lassen_NF,Almanor,7,Peacock_Point,usfs,CA,NA,NA,NA,NA,NA,NA,NA,NA,1,3.2
5,401,Modoc_NF,Warner_Mtn.,1,Stough,usfs,CA,NA,43,N,15,E,27,NA,NA,36,22.4
5,402,Modoc_NF,Warner_Mtn.,2,Parker_Creek,usfs,CA,NA,41,N,15,E,7,NA,NA,36,13.4
5,403,Modoc_NF,Big_Valley,1,Johnson_Spr._1,usfs,CA,NA,40,N,10,E,6,NA,NA,22,43.8
5,404,Modoc_NF,Big_Valley,2,Johnson_Spr._2,usfs,CA,NA,40,N,10,E,6,NA,NA,33,40.66666667
5,405,Modoc_NF,Big_Valley,3,Niles,usfs,CA,NA,40,N,9,E,17,NA,NA,22,48.4
5,406,Modoc_NF,Big_Valley,flt,Horsehead_1,usfs,CA,NA,40,N,10,E,17,NA,NA,25,38.2
5,407,Modoc_NF,Big_Valley,5,Horsehead_2,usfs,CA,NA,40,N,10,E,16,NA,NA,36,71.6
5,408,Modoc_NF,Big_Valley,6,Hunter_1,usfs,CA,NA,40,N,10,E,19,NA,NA,35,53.2
5,409,Modoc_NF,Big_Valley,7,Hunter_2,usfs,CA,NA,40,N,10,E,28,NA,NA,25,53.2
5,410,Modoc_NF,Devil's_Garden,1,Meteorite,usfs,CA,NA,48,N,12,E,33,NA,NA,36,32
5,411,Modoc_NF,Devil's_Garden,2,Happy_Camp_(Grouse),usfs,CA,NA,41,N,7,E,1,NA,NA,37,18.2
5,412,Modoc_NF,Big_Valley,8,Hunter_3,usfs,CA,NA,40,N,10,E,28,NA,NA,7,51.8
5,413,Modoc_NF,Big_Valley,9,Hunter_4,usfs,CA,NA,39,N,10,E,1,NA,NA,7,70.6
5,414,Modoc_NF,Big_Valley,10,Deer_Spring,usfs,CA,NA,39,N,10,E,14,NA,NA,18,65.6
5,501,Plumas_NF,Beckwourth,1,Three_Mile_Rock,usfs,CA,NA,23,N,12,E,7,NA,NA,14,28.6
5,502,Plumas_NF,Beckwourth,2,Meadow_Creek,usfs,CA,NA,25,N,12,E,23,NA,NA,15,35.6
5,503,Plumas_NF,Beckwourth,3,Mt._Ingalls,usfs,CA,NA,25,N,12,E,26,NA,NA,15,17.6
5,504,Plumas_NF,Beckwourth,4,Four_Corners_(Blakeless),usfs,CA,NA,24,N,12,E,11,NA,NA,15,25.6
5,505,Plumas_NF,Beckwourth,5,Cascade,usfs,CA,NA,24,N,11,E,18,NA,NA,15,28.8
5,506,Plumas_NF,Mt. Hough,1,B4_1-10,usfs,CA,NA,23,N,8,E,2,NA,NA,16,66.5
5,507,Plumas_NF,Mt. Hough,2,B4_11-20,usfs,CA,NA,23,N,8,E,2,NA,NA,21,57
5,508,Plumas_NF,Mt. Hough,3,B4_21-30,usfs,CA,NA,23,N,8,E,2,NA,NA,16,45.2
5,509,Plumas_NF,Mt. Hough,4,B5_11-20,usfs,CA,NA,23,N,8,E,2,NA,NA,18,68.8
5,510,Plumas_NF,Mt. Hough,5,B5_21-30,usfs,CA,NA,23,N,8,E,1,NA,NA,17,78.6
5,511,Plumas_NF,Mt. Hough,6,B6_1-10,usfs,CA,NA,23,N,8,E,12,NA,NA,16,57.75
5,512,Plumas_NF,Mt. Hough,7,B6_11-20,usfs,CA,NA,23,N,8,E,12,NA,NA,21,54.75
5,513,Plumas_NF,Mt. Hough,8,B6_21-30,usfs,CA,NA,23,N,8,E,12,NA,NA,5,11
5,514,Plumas_NF,Mt. Hough,9,C7_1-10,usfs,CA,NA,23,N,9,E,7,NA,NA,16,47
5,515,Plumas_NF,Mt. Hough,10,C7_11-20,usfs,CA,NA,23,N,9,E,7,NA,NA,16,54.6
5,516,Plumas_NF,Mt. Hough,11,C7_21-30,usfs,CA,NA,23,N,9,E,7,NA,NA,21,50.6
5,517,Plumas_NF,Mt. Hough,12,C8_1-10,usfs,CA,NA,23,N,8,E,13,NA,NA,16,29
5,601,Sierra_NF,Mariposa,1,Water_Line,usfs,CA,NA,5,S,22,E,9,NA,NA,22,27.8
5,603,Sierra_NF,Mariposa,3,White_Chief,usfs,CA,NA,5,S,22,E,21,NA,NA,21,12
5,604,Sierra_NF,Mariposa,4,Beasore,usfs,CA,NA,6,S,22,E,24,NA,NA,18,1
5,605,Sierra_NF,Mariposa,5,Grays,usfs,CA,NA,6,S,22,E,22,NA,NA,23,46.2
5,606,Sierra_NF,Mariposa,6,Poison,usfs,CA,NA,6,S,22,E,14,NA,NA,22,10.2
5,607,Sierra_NF,Mariposa,7,Chipmunk,usfs,CA,NA,6,S,22,E,14,NA,NA,18,0.8
5,608,Sierra_NF,Mariposa,8,Speckerman,usfs,CA,NA,5,S,22,E,33,NA,NA,22,21
5,609,Sierra_NF,Mariposa,9,Kramer,usfs,CA,NA,5,S,22,E,34,NA,NA,22,13.25
5,610,Sierra_NF,Mariposa,10,Sivels,usfs,CA,NA,6,S,22,E,21,NA,NA,23,55.6
5,611,Sierra_NF,Mariposa,NA,Summit,usfs,CA,NA,5,S,21,E,8,NA,NA,5,60.2
5,612,Sierra_NF,Minarets,NA,Central_Camp,usfs,CA,NA,6,S,23,E,31,NA,NA,7,44
5,613,Sierra_NF,Minarets,NA,Whiskey,usfs,CA,NA,8,S,23,E,12,NA,NA,7,65.6
5,651,Yosemite_NP,NA,1,Star_Lakes,nps,CA,NA,5,S,22,E,17,NA,NA,7,30
5,652,Yosemite_NP,NA,2,Grizzly_Giant,nps,CA,NA,5,S,22,E,18,NA,NA,7,56.2
5,653,Yosemite_NP,NA,3,Galen_Clark,nps,CA,NA,5,S,22,E,8,NA,NA,7,56.8
5,654,Yosemite_NP,NA,4,South_Entrance,nps,CA,NA,5,S,21,E,11,NA,NA,7,71.2
5,655,Yosemite_NP,NA,5,Chowchilla_Mtn,nps,CA,NA,5,S,21,E,3,NA,NA,6,4.6
5,656,Yosemite_NP,NA,6,Menness_Ridge,nps,CA,NA,3,S,20,E,25,NA,NA,7,48.2
5,657,Yosemite_NP,NA,7,Pohono_Bridge,nps,CA,NA,2,S,21,E,34,NA,NA,6,0.4
5,658,Yosemite_NP,NA,8,Happy_Isles,nps,CA,NA,2,S,22,E,28,NA,NA,7,3.4
5,659,Yosemite_NP,NA,9,Crane_Flat,nps,CA,NA,2,S,20,E,18,NA,NA,7,43
5,660,Yosemite_NP,NA,10,Aspen_Valley,nps,CA,NA,1,S,19,E,25,NA,NA,7,76.2
5,661,Yosemite_NP,NA,11,Hogdon,nps,CA,NA,2,S,19,E,3,NA,NA,1,7
5,662,Yosemite_NP,NA,12,South_Fork,nps,CA,NA,2,S,20,E,34,NA,NA,1,0.2
5,701,Stanislaus_NF,Calaveras,1,Mattley_1,usfs,CA,NA,7,N,16,E,14,NA,NA,26,22.4
5,702,Stanislaus_NF,Calaveras,2,Mattley_2,usfs,CA,NA,7,N,16,E,23,NA,NA,26,45
5,703,Stanislaus_NF,Calaveras,3,Bailey,usfs,CA,NA,7,N,15,E,33,NA,NA,27,67
5,704,Stanislaus_NF,Calaveras,4,Summit_Level,usfs,CA,NA,6,N,16,E,31,NA,NA,27,64.4
5,705,Stanislaus_NF,Calaveras,5,Summit_Level,usfs,CA,NA,6,N,16,E,29,NA,NA,27,63.6
5,706,Stanislaus_NF,Calaveras,6,Skull_Peak,usfs,CA,NA,5,N,17,E,15,NA,NA,25,52.2
5,707,Stanislaus_NF,Calaveras,7,Thunder_Hill_1,usfs,CA,NA,5,N,16,E,12,NA,NA,26,22.6
5,708,Stanislaus_NF,Calaveras,8,Thunder_Hill_2,usfs,CA,NA,5,N,16,E,13,NA,NA,26,24.6
5,709,Stanislaus_NF,Calaveras,9,Thunder_Hill_3,usfs,CA,NA,5,N,16,E,22,NA,NA,27,34
5,710,Stanislaus_NF,Calaveras,10,Thunder_Hill_4,usfs,CA,NA,5,N,17,E,34,NA,NA,27,48.2
5,711,Stanislaus_NF,Summit,11,Chinaman,usfs,CA,NA,5,N,17,E,43,NA,NA,26,56.4
5,712,Stanislaus_NF,Miwok,1,Hull_Meadow,usfs,CA,NA,3,N,18,E,30,NA,NA,26,58.8
5,713,Stanislaus_NF,Miwok,2,Two_Mile,usfs,CA,NA,3,N,18,E,31,NA,NA,26,69.8
5,714,Stanislaus_NF,Miwok,3,Reynolds,usfs,CA,NA,3,N,18,E,35,NA,NA,25,9.4
5,715,Stanislaus_NF,Miwok,4,Little_Reynolds,usfs,CA,NA,2,N,18,E,3,NA,NA,26,30.33333333
5,716,Stanislaus_NF,Miwok,5,Dodge,usfs,CA,NA,3,N,17,E,23,NA,NA,26,53.4
5,717,Stanislaus_NF,Miwok,6,Lily,usfs,CA,NA,3,N,17,E,35,NA,NA,26,40.4
5,718,Stanislaus_NF,Miwok,7,Dodge_Ridge_1,usfs,CA,NA,3,N,18,E,5,NA,NA,25,61.4
5,719,Stanislaus_NF,Miwok,8,Dodge_Ridge_2,usfs,CA,NA,3,N,18,E,4,NA,NA,24,50.2
5,720,Stanislaus_NF,Summit,1,Strawberry_1,usfs,CA,NA,4,N,17,E,24,NA,NA,23,37
5,721,Stanislaus_NF,Summit,2,Strawberry_2,usfs,CA,NA,4,N,18,E,19,NA,NA,26,44.8
5,722,Stanislaus_NF,Summit,3,Strawberry_3,usfs,CA,NA,4,N,18,E,17,NA,NA,22,44.8
5,801,Tahoe_NF,Yuba River,1,Morristown_1_(Bee_Tree),usfs,CA,NA,20,N,10,E,8,NA,NA,17,11.8
5,802,Tahoe_NF,Yuba River,2,Morristown_2_(Eureka),usfs,CA,NA,20,N,10,E,7,NA,NA,26,88
5,803,Tahoe_NF,Yuba River,3,Morristown_3_(Sugar_Loaf),usfs,CA,NA,20,N,9,E,13,NA,NA,17,4.8
5,804,Tahoe_NF,Yuba River,4,Morristown_4_(Bald_Top),usfs,CA,NA,20,N,9,E,23,NA,NA,31,109.2
5,805,Tahoe_NF,Yuba River,5,1_Morristown,usfs,CA,NA,20,N,9,E,23,NA,NA,4,0.8
5,806,Tahoe_NF,Yuba River,6,1A_Morristown,usfs,CA,NA,20,N,9,E,13,NA,NA,4,0.2
5,807,Tahoe_NF,Yuba River,7,2_Morristown,usfs,CA,NA,20,N,9,E,22,NA,NA,7,14
5,808,Tahoe_NF,Yuba River,8,3_Morristown,usfs,CA,NA,20,N,9,E,28,NA,NA,7,12.2
5,809,Tahoe_NF,Yuba River,9,4_Morristown,usfs,CA,NA,20,N,9,E,33,NA,NA,5,0.2
5,810,Tahoe_NF,Yuba River,10,Pliocene_1_(Jersey),usfs,CA,NA,19,N,10,E,33,NA,NA,25,13
5,811,Tahoe_NF,Yuba River,11,Pliocene_2_(Blue),usfs,CA,NA,19,N,10,E,31,NA,NA,29,51.6
5,812,Tahoe_NF,Yuba River,12,Pliocene_3_(Pliocene),usfs,CA,NA,19,N,10,E,32,NA,NA,34,54.2
5,813,Tahoe_NF,Yuba River,1,Diamond_1,usfs,CA,NA,17,N,11,E,26,NA,NA,30,76.25
5,814,Tahoe_NF,Yuba River,2,Diamond_2,usfs,CA,NA,17,N,11,E,22,NA,NA,25,37.6
5,815,Tahoe_NF,Yuba River,3,Diamond_3,usfs,CA,NA,17,N,1,E,21,NA,NA,5,30.4
5,816,Tahoe_NF,Yuba River,4,Sardine_Spring,usfs,CA,NA,17,N,11,E,29,NA,NA,15,40.8
5,817,Tahoe_NF,Yuba River,5,Skillman_(Towle_Mill),usfs,CA,NA,17,N,10,E,25,NA,NA,18,34.2
5,818,Tahoe_NF,Yuba River,6,Alpha_Omega,usfs,CA,NA,17,N,10,E,24,NA,NA,18,23.6
5,819,Tahoe_NF,Yuba River,NA,Alpha_Omega_2,usfs,CA,NA,17,N,11,E,19,NA,NA,2,0.2
5,820,Tahoe_NF,Yuba River,NA,Alpha_Omega_3,usfs,CA,NA,17,N,11,E,19,NA,NA,6,7.5
5,821,Tahoe_NF,Yuba River,7,Indian_Springs,usfs,CA,NA,17,N,10,E,27,NA,NA,19,26
5,822,Tahoe_NF,Yuba River,8,White_Cloud,usfs,CA,NA,17,N,10,E,23,NA,NA,37,61.8
5,823,Tahoe_NF,Yuba River,NA,Levey_Ditch_Camp,usfs,CA,NA,16,N,11,E,4,NA,NA,17,7.4
5,824,Tahoe_NF,Yuba River,NA,Steep_Hollow,usfs,CA,NA,17,N,11,E,26,NA,NA,20,70.25
5,825,Tahoe_NF,Yuba River,NA,Water_Tank,usfs,CA,NA,17,N,10,E,23,NA,NA,2,4
5,826,Tahoe_NF,American River,1,Secret_House,usfs,CA,NA,15,N,12,E,1,NA,NA,29,47.5
5,827,Tahoe_NF,American River,2,Fir_Thicket,usfs,CA,NA,15,N,12,E,1,NA,NA,29,53.2
5,828,Tahoe_NF,American River,3,Cert_Stand,usfs,CA,NA,15,N,12,E,2,NA,NA,29,48.2
5,829,Tahoe_NF,American River,4,Black_Canyon,usfs,CA,NA,15,N,12,E,3,NA,NA,27,63
5,830,Tahoe_NF,American River,5,Mumford_Bar,usfs,CA,NA,15,N,12,E,4,NA,NA,33,49.4
5,831,Tahoe_NF,American River,6,Westville,usfs,CA,NA,15,N,12,E,4,NA,NA,32,55.8
5,832,Tahoe_NF,American River,7,Dellar_Springs,usfs,CA,NA,14,N,12,E,23,NA,NA,29,22.5
5,833,Tahoe_NF,Yuba River,NA,Deer_Creek,usfs,CA,NA,16,N,10,E,32,NA,NA,1,10
5,834,Tahoe_NF,Yuba River,NA,Snow_Tent,usfs,CA,NA,18,N,10,E,23,NA,NA,11,37.33333333
5,835,Tahoe_NF,Yuba River,NA,Cherry_Hill,usfs,CA,NA,18,N,11,E,18,NA,NA,7,28.5
5,836,Tahoe_NF,Yuba River,NA,Graniteville,usfs,CA,NA,18,N,11,E,10,NA,NA,17,43
5,837,Tahoe_NF,Yuba River,NA,Rocky_Glen,usfs,CA,NA,18,N,11,E,3,NA,NA,7,10
5,838,Tahoe_NF,Yuba River,NA,Celina,usfs,CA,NA,18,N,11,E,27,NA,NA,5,4.8
5,839,Tahoe_NF,Yuba River,NA,Bowman,usfs,CA,NA,18,N,12,E,30,NA,NA,14,52.2
5,840,Tahoe_NF,Yuba River,NA,Fulda,usfs,CA,NA,16,N,11,E,13,NA,NA,3,9.8
5,841,Tahoe_NF,Yuba River,NA,Monumental,usfs,CA,NA,16,N,12,E,9,NA,NA,3,5.25
5,842,Tahoe_NF,Yuba River,NA,Burlington,usfs,CA,NA,17,N,10,E,25,NA,NA,6,50.75
5,843,Tahoe_NF,Yuba River,NA,Chalk_Bluff,usfs,CA,NA,17,N,10,E,36,NA,NA,8,55.2
5,844,Tahoe_NF,Sierraville,1,Treasure_South,usfs,CA,NA,19,N,14,E,11,NA,NA,13,35.4
5,845,Tahoe_NF,Sierraville,2,Treasure_North,usfs,CA,NA,19,N,14,E,11,NA,NA,13,37
5,846,Tahoe_NF,Sierraville,3,Fletcher,usfs,CA,NA,21,N,13,E,23,NA,NA,12,19
5,847,Tahoe_NF,Sierraville,4,Pass Creek CG,usfs,CA,NA,19,N,13,E,20,NA,NA,12,17.4
5,848,Tahoe_NF,Sierraville,5,Independence,usfs,CA,NA,19,N,15,E,26,NA,NA,12,10.6
5,901,Sequoia_NF,Hot_Springs,1,Portugese_Pass,usfs,CA,NA,25,S,32,E,36,NA,NA,8,6
5,902,Sequoia_NF,Hot_Springs,2,Panorama_Cg,usfs,CA,NA,24,S,32,E,30,NA,NA,8,10.8
5,903,Sequoia_NF,Hot_Springs,3,Speas_Ridge,usfs,CA,NA,23,S,32,E,18,NA,NA,8,11.8
5,904,Sequoia_NF,Hot_Springs,4,Parker_Pass,usfs,CA,NA,23,S,31,E,3,NA,NA,8,2.6
5,905,Sequoia_NF,Hot_Springs,5,Sugarloaf,usfs,CA,NA,24,S,31,E,23,NA,NA,8,16.6
5,906,Sequoia_NF,Greenhorn,1,Tiger,usfs,CA,NA,25,S,32,E,5,NA,NA,7,14.8
5,907,Sequoia_NF,Greenhorn,2,Moth_3/Spout,usfs,CA,NA,25,S,32,E,17,NA,NA,8,45.4
5,908,Sequoia_NF,Greenhorn,3,Moth_5/Black,usfs,CA,NA,25,S,32,E,21,NA,NA,7,26.2
5,909,Sequoia_NF,Greenhorn,4,Moth_4/Summit,usfs,CA,NA,25,S,32,E,20,NA,NA,7,44.4
5,910,Sequoia_NF,Greenhorn,5,Moth_2/Rhymes,usfs,CA,NA,26,S,32,E,7,NA,NA,8,20.4
5,911,Sequoia_NF,Hume_Lake,3,Quail_Flat,usfs,CA,NA,14,S,28,E,11,NA,NA,9,5.4
5,912,Sequoia_NF,Hume_Lake,2,Weston,usfs,CA,NA,14,S,28,E,12,NA,NA,9,2.8
5,913,Sequoia_NF,Hume_Lake,4,Eshom,usfs,CA,NA,14,S,28,E,21,NA,NA,9,37.8
5,914,Sequoia_NF,Hume_Lake,1,Mcgee,usfs,CA,NA,13,S,29,E,29,NA,NA,9,2.8
5,915,Sequoia_NF,Hume_Lake,5,Bear_Skin,usfs,CA,NA,13,S,30,E,35,NA,NA,9,2.2
5,916,Seq/Kings_NP,NA,1,Grant_Grove_Stables,nps,CA,NA,13,S,28,E,31,NA,NA,5,1
5,917,Seq/Kings_NP,NA,2,Crystal_Springs_Cpg,nps,CA,NA,13,S,28,E,32,NA,NA,9,5.75
5,918,Seq/Kings_NP,NA,3,Sunset_Cpg,nps,CA,NA,14,S,28,E,6,NA,NA,8,2.6
5,919,Seq/Kings_NP,NA,4,Quail_Flat_Nps,nps,CA,NA,14,S,28,E,11,NA,NA,1,1.75
5,920,Seq/Kings_NP,NA,5,Dorst_Cpg#1,nps,CA,NA,15,S,29,E,10,NA,NA,9,13.75
5,921,Seq/Kings_NP,NA,6,Beetle_Rock,nps,CA,NA,16,S,29,E,1,NA,NA,7,0.2
5,922,Sequoia_NF,Tule_River,1,Ponderosa,usfs,CA,NA,21,S,32,E,16,NA,NA,2,0.6
5,923,Sequoia_NF,Tule_River,2,Pack_Station,usfs,CA,NA,20,S,32,E,20,NA,NA,2,0.4
5,925,Sequoia_NF,Tule_River,4,Sequoia_Crest,usfs,CA,NA,20,S,31,E,21,NA,NA,2,0.6
5,926,Sequoia_NF,Tule_River,5,Alpine_Village,usfs,CA,NA,20,S,31,E,28,NA,NA,2,1.8
5,927,Sequoia_NF,Greenhorn,6,Moth_1,usfs,CA,NA,25,S,32,E,29,NA,NA,1,9.2
5,1001,Lassen_NF,Eagle_Lake,2,Fredonyer_East,blm,CA,NA,33,N,12,E,26,NA,NA,29,21.6
5,1002,Lassen_NF,Eagle_Lake,1,Fredonyer_West,blm,CA,NA,33,N,12,E,27,NA,NA,33,13.6
5,1003,Lassen_NF,Eagle_Lake,NA,Roop_Mtn_East_1,blm,CA,NA,30,N,11,E,5,NA,NA,10,6.4
5,1004,Lassen_NF,Eagle_Lake,NA,Roop_Mtn_East_2,blm,CA,NA,30,N,11,E,6,NA,NA,10,1.6
5,1005,Lassen_NF,Eagle_Lake,5,Bailey_Creek,blm,CA,NA,33,N,12,E,4,NA,NA,34,21.4
5,1006,Modoc_NF,Big_Valley,NA,Widow_Peak_West,blm,CA,NA,38,N,6,E,3,NA,NA,30,25.8
5,1007,Modoc_NF,Big_Valley,NA,Widow_Peak_East,blm,CA,NA,38,N,6,E,10,NA,NA,30,43.4
5,1008,Lassen_NF,Eagle_Lake,NA,Roop_Mtn_West_1,blm,CA,NA,30,N,10,E,9,NA,NA,9,18
5,1009,Lassen_NF,Eagle_Lake,NA,Roop_Mtn_West_2,blm,CA,NA,30,N,10,E,14,NA,NA,8,1.666666667
5,1010,Lassen_NF,Eagle_Lake,3,Fredonyer_North,blm,CA,NA,33,N,12,E,15,NA,NA,2,15.2
5,1101,Lake_Tahoe_Basin_MU,NA,1,Fallen_Leaf,usfs,CA,NA,12,N,17,E,1,NA,NA,3,0.4
5,1102,Lake_Tahoe_Basin_MU,NA,2,Meeks,usfs,CA,NA,14,N,17,E,29,NA,NA,3,1
5,1103,Lake_Tahoe_Basin_MU,NA,3,Rubicon,usfs,CA,NA,14,N,17,E,18,NA,NA,3,2.75
5,1104,Lake_Tahoe_Basin_MU,NA,4,Ward,usfs,CA,NA,15,N,16,E,13,NA,NA,3,2
5,1105,Lake_Tahoe_Basin_MU,NA,5,Brockway,usfs,CA,NA,16,N,17,E,10,NA,NA,3,0.6
5,852,TAHOE,Yuba River,NA,Fir Cap,usfs,CA,NA,NA,NA,NA,NA,NA,NA,NA,6,38.2
5,853,TAHOE,Yuba River,NA,Ruby,usfs,CA,NA,NA,NA,NA,NA,NA,NA,NA,6,52.6
6,2501,Malheur_NF,NA,NA,Indian Creek,blm,OR,NA,16,S,27,E,35,NA,NA,1,18.6
6,2502,Malheur_NF,NA,NA,Franks Creek,blm,OR,NA,12,S,27,E,5,NA,NA,1,1.8
6,2503,Umatilla_NF,NA,NA,Holmes Creek,blm,OR,NA,10,S,26,E,27,NA,NA,1,0.8
6,2504,Warm_Springs_IR,Warm_Springs_IR,NA,S-500,bia,OR,NA,6,S,10,E,NA,NA,NA,2,1.6
6,2505,Warm_Springs_IR,Warm_Springs_IR,NA,W-325,bia,OR,NA,6,S,10,E,NA,NA,NA,2,2
NA,1,Coeur_d'Alene,Fernan,1,Elk_Mountain,state,ID,Kootenai,49,N,2,W,7,NA,NA,22,13.8
NA,2,Coeur_d'Alene,Fernan,2,Coeur_D'Alene_Mtn,state,ID,Kootenai,49,N,3,W,14,NA,NA,22,25.4
NA,16,Kaniksu,Sandpoint,16,Rapid_Lightning_Cr,state,ID,Bonner,59,N,1,E,36,NA,NA,6,0.2
NA,18,Coeur_d'Alene,Fernan,18,Coeur_D'Alene_(Area),state,ID,Kootenai,50,N,4,W,14,NA,NA,11,60.8
NA,19,St._Joe,Palouse,19,Moscow_(Area),state,ID,Latah,39,N,5,W,18,NA,NA,9,6
NA,20,St._Joe,Palouse,20,Troy_(Vicinity),state,ID,Latah,39,N,3,W,7,NA,NA,8,0.2
NA,108,St._Joe,Palouse,108,Bald_Mountain,state,ID,Benewah,43,N,7,W,26,NA,NA,19,53.8
NA,202,St._Joe,St_Maries,202,3_Mi_E_Of_Benewah,state,ID,Benewah,45,N,3,W,16,NA,NA,26,102.2
NA,204,St._Joe,St_Maries,204,John's_Point,state,ID,Benewah,44,N,3,W,13,NA,NA,21,23.8
NA,206,St._Joe,St_Maries,206,Sunset_Mountain,state,ID,Benewah,43,N,1,W,32,NA,NA,9,20.8
NA,213,Coeur_d'Alene,Fernan,213,Red_Horse_Mountain,state,ID,Kootenai,49,N,2,W,31,NA,NA,16,5.2
NA,214,Coeur_d'Alene,Fernan,214,Fortier_Creek,state,ID,Kootenai,49,N,2,W,22,NA,NA,15,15
NA,215,Coeur_d'Alene,Fernan,215,Killarney_Mountain,state,ID,Kootenai,49,N,2,W,14,NA,NA,15,6
NA,604,Coeur_d'Alene,Fernan,604,Elk_Mountain,state,ID,Kootenai,49,N,2,W,16,NA,NA,10,15.4
NA,605,Coeur_d'Alene,Fernan,605,Rose_Creek,state,ID,Kootenai,49,N,2,W,23,NA,NA,10,8.2
NA,707,St._Joe,St_Maries,707,Iron_Mtn,state,ID,Benewah,44,N,5,W,28,NA,NA,11,97
NA,716,St._Joe,Palouse,716,Heah_of_Big_Meadow_Creek,state,ID,Latah,40,N,4,W,NA,NA,NA,17,82.4
NA,717,St._Joe,Palouse,717,Nora_Creek,state,ID,NA,NA,NA,NA,NA,NA,NA,NA,17,81.4
NA,718,St._Joe,Palouse,718,Crummaring_Creek,state,ID,NA,NA,NA,NA,NA,NA,NA,NA,17,70.4
NA,719,St._Joe,Palouse,719,Basalt_Hill,state,ID,NA,NA,NA,NA,NA,NA,NA,NA,17,92.8
NA,720,St._Joe,Palouse,720,Browns_Meadow,state,ID,NA,NA,NA,NA,NA,NA,NA,NA,18,97.6
NA,721,St._Joe,St_Maries,721,Smith_Creek,state,ID,NA,NA,NA,NA,NA,NA,NA,NA,16,100.2
NA,722,St._Joe,Palouse,722,Prospect_Peak,state,ID,NA,NA,NA,NA,NA,NA,NA,NA,17,85.6
NA,723,St._Joe,St_Maries,723,West_Fork_Mission_Creek,state,ID,NA,NA,NA,NA,NA,NA,NA,NA,17,87.4
NA,724,St._Joe,Palouse,724,Huckleberry_Mtn,state,ID,NA,NA,NA,NA,NA,NA,NA,NA,17,77.2
NA,725,St._Joe,Palouse,725,North_Fork_Pine_Creek,state,ID,NA,NA,NA,NA,NA,NA,NA,NA,17,93
NA,726,St._Joe,St_Maries,726,Mineral_Creek,state,ID,NA,NA,NA,NA,NA,NA,NA,NA,17,78
NA,727,St._Joe,St_Maries,727,South_of_Sanders,state,ID,NA,NA,NA,NA,NA,NA,NA,NA,17,86.8
NA,800,St._Joe,St_Maries,800,Mason_Butte,state,ID,NA,NA,NA,NA,NA,NA,NA,NA,14,63
NA,801,St._Joe,St_Maries,801,Moctileme_Creek,state,ID,NA,NA,NA,NA,NA,NA,NA,NA,14,91.4
NA,802,St._Joe,St_Maries,802,Plummer_Butte,state,ID,NA,NA,NA,NA,NA,NA,NA,NA,14,80
NA,803,St._Joe,St_Maries,803,Little_Plummer_Creek,state,ID,NA,NA,NA,NA,NA,NA,NA,NA,14,115.4
NA,804,St._Joe,St_Maries,804,Lindstrom_Peak,state,ID,NA,NA,NA,NA,NA,NA,NA,NA,14,66.4
NA,805,St._Joe,St_Maries,805,John_Point,state,ID,NA,NA,NA,NA,NA,NA,NA,NA,8,61.6
NA,806,St._Joe,St_Maries,806,Pettis_Point,state,ID,NA,NA,NA,NA,NA,NA,NA,NA,14,71.2
NA,807,St._Joe,St_Maries,807,Beaver_Mtn,state,ID,NA,NA,NA,NA,NA,NA,NA,NA,13,55.6
NA,808,St._Joe,St_Maries,808,Renfro_Peak,state,ID,NA,NA,NA,NA,NA,NA,NA,NA,14,44.2
NA,809,St._Joe,St_Maries,809,Crystal_Peak,state,ID,NA,NA,NA,NA,NA,NA,NA,NA,14,29.4
NA,810,St._Joe,St_Maries,810,Head_of_Child_Creek,state,ID,NA,NA,NA,NA,NA,NA,NA,NA,14,52.8
NA,811,St._Joe,St_Maries,811,Hobo_Pass,state,ID,NA,NA,NA,NA,NA,NA,NA,NA,13,25.4
NA,812,St._Joe,St_Maries,812,Hemlock_Butte,state,ID,NA,NA,NA,NA,NA,NA,NA,NA,14,37
NA,813,St._Joe,St_Maries,813,Carpenter_Peak,state,ID,NA,NA,NA,NA,NA,NA,NA,NA,14,57.8
NA,814,St._Joe,St_Maries,814,Tyson_Creek,state,ID,NA,NA,NA,NA,NA,NA,NA,NA,14,87.8
NA,815,St._Joe,St_Maries,815,Willow_Peak,state,ID,NA,NA,NA,NA,NA,NA,NA,NA,13,85.2
NA,816,St._Joe,St_Maries,816,Sunset_Mtn,state,ID,NA,NA,NA,NA,NA,NA,NA,NA,14,86.2
NA,817,St._Joe,St_Maries,817,Willow_Creek,state,ID,NA,NA,NA,NA,NA,NA,NA,NA,14,73.2
NA,818,St._Joe,St_Maries,818,Head_of_Emerald_Creek,state,ID,NA,NA,NA,NA,NA,NA,NA,NA,14,86
NA,819,St._Joe,St_Maries,819,Emerald_Butte,state,ID,NA,NA,NA,NA,NA,NA,NA,NA,14,75.2
NA,820,St._Joe,Palouse,820,Head_of_Bobs_Creek,state,ID,NA,NA,NA,NA,NA,NA,NA,NA,14,79
NA,821,St._Joe,Palouse,821,East_Fork_of_Potlatch_River,state,ID,NA,NA,NA,NA,NA,NA,NA,NA,14,67.2
NA,822,St._Joe,Palouse,822,Head_of_Moose_Creek,state,ID,NA,NA,NA,NA,NA,NA,NA,NA,14,69.6
NA,823,St._Joe,Palouse,823,Beals_Butte,state,ID,NA,NA,NA,NA,NA,NA,NA,NA,13,106.2
NA,900,temp,temp,900,temp,state,ID,NA,NA,NA,NA,NA,NA,NA,NA,10,6
NA,901,temp,temp,901,temp,state,ID,NA,NA,NA,NA,NA,NA,NA,NA,10,29.4
NA,902,temp,temp,902,temp,state,ID,NA,NA,NA,NA,NA,NA,NA,NA,10,2.25
NA,903,temp,temp,903,temp,state,ID,NA,NA,NA,NA,NA,NA,NA,NA,10,12.8
NA,904,ID_Panhandle,CDA_River,904,Rathdrum,state,ID,NA,NA,NA,NA,NA,NA,NA,NA,9,23.2
NA,905,ID_Panhandle,CDA_River,905,State_Line-Post_Falls,state,ID,NA,NA,NA,NA,NA,NA,NA,NA,9,6.6
NA,906,ID_Panhandle,CDA_River,906,Signal_Point-Post_Falls,state,ID,NA,NA,NA,NA,NA,NA,NA,NA,9,41.8
NA,907,ID_Panhandle,St_Maries,907,Blake_Draw_Creek,state,ID,NA,NA,NA,NA,NA,NA,NA,NA,9,27.4
NA,908,ID_Panhandle,St_Maries,908,Coon_Creek,state,ID,NA,NA,NA,NA,NA,NA,NA,NA,9,71.6
NA,909,ID_Panhandle,St_Maries,909,Heyburn_Park,state,ID,NA,NA,NA,NA,NA,NA,NA,NA,9,56.4
NA,910,ID_Panhandle,CDA_River,910,Coyote_Lane-Post_Falls,state,ID,NA,NA,NA,NA,NA,NA,NA,NA,9,67.6
NA,911,ID_Panhandle,St_Maries,911,State_Line-Meredith_Road,state,ID,NA,NA,NA,NA,NA,NA,NA,NA,9,58.8
NA,912,ID_Panhandle,St_Maries,912,Lovell_Valley_Direct_Sale,state,ID,NA,NA,NA,NA,NA,NA,NA,NA,9,69.6
NA,913,IPNF,CDA_Riv,913,Twin Lakes,State,ID,NA,NA,NA,NA,NA,NA,NA,NA,8,66.8
NA,914,IPNF,CDA_Riv,914,Cougar Gulch (McGovern Tree Farm),State,ID,NA,NA,NA,NA,NA,NA,NA,NA,7,4.6
NA,915,IPNF,CDA_Riv,915,Signal Point #1,State,ID,NA,NA,NA,NA,NA,NA,NA,NA,7,39.4
NA,916,IPNF,CDA_Riv,916,Signal Point #2,State,ID,NA,NA,NA,NA,NA,NA,NA,NA,7,54.2
NA,917,IPNF,CDA_Riv,917,Signal Point #3,State,ID,NA,NA,NA,NA,NA,NA,NA,NA,7,22.8
NA,918,IPNF,CDA_Riv,918,Signal Point #4,State,ID,NA,NA,NA,NA,NA,NA,NA,NA,7,60
NA,919,IPNF,CDA_Riv,919,Signal Point #5,State,ID,NA,NA,NA,NA,NA,NA,NA,NA,7,35.4
NA,920,IPNF,CDA_Riv,920,Spirit Lake,State,ID,NA,NA,NA,NA,NA,NA,NA,NA,7,10.8
NA,1,Western Montana,NA,NA,Albert_Creek,state,MT,NA,NA,NA,NA,NA,NA,NA,NA,27,42.6
NA,2,Western Montana,NA,NA,Arlee,state,MT,NA,NA,NA,NA,NA,NA,NA,NA,22,14.2
NA,3,Western Montana,NA,NA,Big_Arm,state,MT,NA,NA,NA,NA,NA,NA,NA,NA,27,30
NA,4,Western Montana,NA,NA,Big_Fork,state,MT,NA,NA,NA,NA,NA,NA,NA,NA,24,2.2
NA,5,Western Montana,NA,NA,Blue_Mountain,state,MT,NA,NA,NA,NA,NA,NA,NA,NA,23,19.8
NA,6,Western Montana,NA,NA,Butler_Creek,state,MT,NA,NA,NA,NA,NA,NA,NA,NA,26,45.2
NA,7,Western Montana,NA,NA,Clear_Creek,state,MT,NA,NA,NA,NA,NA,NA,NA,NA,22,18
NA,8,Western Montana,NA,NA,Corral_Creek,state,MT,NA,NA,NA,NA,NA,NA,NA,NA,27,31.2
NA,9,Western Montana,NA,NA,Ferndale,state,MT,NA,NA,NA,NA,NA,NA,NA,NA,23,1
NA,10,Western Montana,NA,NA,Fish_Creek,state,MT,NA,NA,NA,NA,NA,NA,NA,NA,22,10.2
NA,11,Western Montana,NA,NA,Foys_Lake,state,MT,NA,NA,NA,NA,NA,NA,NA,NA,23,4.2
NA,12,Western Montana,NA,NA,Frenchtown_F,state,MT,NA,NA,NA,NA,NA,NA,NA,NA,26,33.4
NA,13,Western Montana,NA,NA,Frenchtown_J,state,MT,NA,NA,NA,NA,NA,NA,NA,NA,26,77.8
NA,14,Western Montana,NA,NA,Frenchtown/Frenchtown_T,state,MT,NA,NA,NA,NA,NA,NA,NA,NA,25,78.4
NA,15,Western Montana,NA,NA,Jette_Lake,state,MT,NA,NA,NA,NA,NA,NA,NA,NA,27,72.6
NA,16,Western Montana,NA,NA,Kerr_Dam,state,MT,NA,NA,NA,NA,NA,NA,NA,NA,23,35.4
NA,17,Western Montana,NA,NA,Lake_Mary_Ronan,state,MT,NA,NA,NA,NA,NA,NA,NA,NA,23,1.2
NA,18,Western Montana,NA,NA,Lakeside,state,MT,NA,NA,NA,NA,NA,NA,NA,NA,22,7
NA,19,Western Montana,NA,NA,Mormon_Peak/Lolo_Creek,state,MT,NA,NA,NA,NA,NA,NA,NA,NA,23,5
NA,20,Western Montana,NA,NA,Pattee_Canyon,state,MT,NA,NA,NA,NA,NA,NA,NA,NA,23,20.6
NA,21,Western Montana,NA,NA,Petty_Creek,state,MT,NA,NA,NA,NA,NA,NA,NA,NA,22,16.8
NA,22,Western Montana,NA,NA,Pistol_Creek,state,MT,NA,NA,NA,NA,NA,NA,NA,NA,23,76.6
NA,23,Western Montana,NA,NA,Polson_Big_Creek,state,MT,NA,NA,NA,NA,NA,NA,NA,NA,23,5.2
NA,24,Western Montana,NA,NA,Polson_East_Bay/Hell_Roaring,state,MT,NA,NA,NA,NA,NA,NA,NA,NA,25,6.4
NA,25,Western Montana,NA,NA,Polson_Turtle_Lake/Lost_Lake,state,MT,NA,NA,NA,NA,NA,NA,NA,NA,25,48.2
NA,26,Western Montana,NA,NA,Revais_Creek,state,MT,NA,NA,NA,NA,NA,NA,NA,NA,1,7